{
  "nombre" : "Ana Garcia",
  "codigo" : "P002",
  "especialidad" : "Historia",
  "alumnos" : [ {
    "nombre" : "Sofía Rodríguez",
    "dni" : "98765432C",
    "notas" : {
      "Historia" : 8.5,
      "Geografia" : 9.0,
      "Ingles" : 6.0,
      "Gramatica" : 4.5,
      "Vocabulario" : 3.0
    }
  }, {
    "nombre" : "Luisa Fernandez",
    "dni" : "54321678D",
    "notas" : {
      "Historia" : 7.0,
      "Geografia" : 6.5,
      "Ingles" : 7.5,
      "Gramatica" : 6.5,
      "Vocabulario" : 5.0
    }
  } ]
}